{
  "description": "Phase 10 therapeutic boundary robustness",
  "setup": {
    "n_configs": 20,
    "steps": 500,
    "n_seeds": 3,
    "strengths": [
      0.1,
      0.2,
      0.3,
      0.4,
      0.5,
      0.6,
      0.7,
      0.8,
      0.9
    ],
    "start_ts": [
      0,
      25,
      50,
      75,
      100,
      125,
      150,
      175,
      200
    ]
  },
  "config_results": [
    {
      "config_id": 334,
      "baseline_tip": 251.0,
      "baseline_genuine": 1.0,
      "boundary": {
        "slope": 350.0,
        "intercept": -187.49999999999986,
        "r2": 0.9800000000000003,
        "n_points": 4,
        "boundary_pts": [
          [
            0.6,
            25.0
          ],
          [
            0.7,
            50.0
          ],
          [
            0.8,
            100.0
          ],
          [
            0.9,
            125.0
          ]
        ],
        "min_strength_prev": 0.6,
        "max_start_t_any": 125.0
      },
      "outcome_flat": "pDDDD**PPppDDD**PPpIDDDD**PpppDDDDDPIpppDDD**IIIIppDD*IIpIIIIDDIIIIpIIIIIIIIIIIpI"
    },
    {
      "config_id": 235,
      "baseline_tip": 325.0,
      "baseline_genuine": 1.0,
      "boundary": {
        "slope": 83.33333333333327,
        "intercept": 144.4444444444444,
        "r2": 0.3000000000000002,
        "n_points": 9,
        "boundary_pts": [
          [
            0.1,
            75.0
          ],
          [
            0.2,
            200.0
          ],
          [
            0.3,
            200.0
          ],
          [
            0.4,
            200.0
          ],
          [
            0.5,
            200.0
          ],
          [
            0.6,
            200.0
          ],
          [
            0.7,
            200.0
          ],
          [
            0.8,
            200.0
          ],
          [
            0.9,
            200.0
          ]
        ],
        "min_strength_prev": 0.1,
        "max_start_t_any": 200.0
      },
      "outcome_flat": "**PPPPPPP**PPPPPPP***P*PPPP***PPPPPPp***PPPPPp***PPPPPI***PPP*PI****PPPPI*****PPP"
    },
    {
      "config_id": 382,
      "baseline_tip": 199.0,
      "baseline_genuine": 1.0,
      "boundary": {
        "slope": 124.99999999999997,
        "intercept": -58.33333333333336,
        "r2": 0.7500000000000003,
        "n_points": 3,
        "boundary_pts": [
          [
            0.7,
            25.0
          ],
          [
            0.8,
            50.0
          ],
          [
            0.9,
            50.0
          ]
        ],
        "min_strength_prev": 0.7,
        "max_start_t_any": 50.0
      },
      "outcome_flat": "ppDDDD*PPIpDDDD*PPIppDDDD*PIIppDDDDDIIIpppDDDIIIIIppppIIIIIIIIIIIIIIIIIIIIIIIIIII"
    },
    {
      "config_id": 391,
      "baseline_tip": 238.0,
      "baseline_genuine": 1.0,
      "boundary": {
        "slope": 192.8571428571429,
        "intercept": -37.85714285714293,
        "r2": 0.9055900621118012,
        "n_points": 6,
        "boundary_pts": [
          [
            0.4,
            25.0
          ],
          [
            0.5,
            75.0
          ],
          [
            0.6,
            75.0
          ],
          [
            0.7,
            100.0
          ],
          [
            0.8,
            125.0
          ],
          [
            0.9,
            125.0
          ]
        ],
        "min_strength_prev": 0.4,
        "max_start_t_any": 125.0
      },
      "outcome_flat": "DppD*PPPPIDp***PPPIDID***PPIIDp**PPPDIIDIp**PIIIIIII**IDIIIIIIpIIDIIIIIIIIpIIIIII"
    },
    {
      "config_id": 21,
      "baseline_tip": 241.0,
      "baseline_genuine": 1.0,
      "boundary": {
        "slope": 207.14285714285722,
        "intercept": -38.80952380952392,
        "r2": 0.9361781076066791,
        "n_points": 6,
        "boundary_pts": [
          [
            0.4,
            50.0
          ],
          [
            0.5,
            50.0
          ],
          [
            0.6,
            100.0
          ],
          [
            0.7,
            100.0
          ],
          [
            0.8,
            125.0
          ],
          [
            0.9,
            150.0
          ]
        ],
        "min_strength_prev": 0.4,
        "max_start_t_any": 150.0
      },
      "outcome_flat": "pDD**PPPPpDD***PPPpDD*****PIpDDD***PIppDD***PIIpppDD**IIpppppD*IIIIIppppIIIIIIIII"
    },
    {
      "config_id": 37,
      "baseline_tip": 226.0,
      "baseline_genuine": 1.0,
      "boundary": {
        "slope": 250.0000000000002,
        "intercept": -125.00000000000006,
        "r2": 0.5555555555555556,
        "n_points": 4,
        "boundary_pts": [
          [
            0.6,
            0.0
          ],
          [
            0.7,
            75.0
          ],
          [
            0.8,
            100.0
          ],
          [
            0.9,
            75.0
          ]
        ],
        "min_strength_prev": 0.6,
        "max_start_t_any": 100.0
      },
      "outcome_flat": "ppDDD**PPppDDDD*PPIpDppD*PPIppIpp**PIppppIp*DIIIIppIDIIIIIIIIpIIIIIIIIIIIIIIIIIII"
    },
    {
      "config_id": 118,
      "baseline_tip": 209.0,
      "baseline_genuine": 1.0,
      "boundary": {
        "slope": 249.99999999999955,
        "intercept": -174.99999999999952,
        "r2": 1.0,
        "n_points": 2,
        "boundary_pts": [
          [
            0.8,
            25.0
          ],
          [
            0.9,
            50.0
          ]
        ],
        "min_strength_prev": 0.8,
        "max_start_t_any": 50.0
      },
      "outcome_flat": "pDDDDDDPPppDDDDD*PppDDDDDD*pppDDDDDDpIpDDDDDDppIIppDppIIpIIIpppIIIIIIIIIIIIIIIIII"
    },
    {
      "config_id": 178,
      "baseline_tip": 203.0,
      "baseline_genuine": 1.0,
      "boundary": {
        "slope": 500.00000000000006,
        "intercept": -358.33333333333354,
        "r2": 0.9230769230769227,
        "n_points": 3,
        "boundary_pts": [
          [
            0.7,
            0.0
          ],
          [
            0.8,
            25.0
          ],
          [
            0.9,
            100.0
          ]
        ],
        "min_strength_prev": 0.7,
        "max_start_t_any": 100.0
      },
      "outcome_flat": "ppDDDD**PppDDDDD*PpppDDDDDPIpppDDDDDIIpppDpD*IIIpppppIIIIIIIIIIIIIIIIIIIIIIIIIIII"
    },
    {
      "config_id": 188,
      "baseline_tip": 239.0,
      "baseline_genuine": 1.0,
      "boundary": {
        "slope": 250.0000000000001,
        "intercept": -100.00000000000014,
        "r2": 1.0,
        "n_points": 6,
        "boundary_pts": [
          [
            0.4,
            0.0
          ],
          [
            0.5,
            25.0
          ],
          [
            0.6,
            50.0
          ],
          [
            0.7,
            75.0
          ],
          [
            0.8,
            100.0
          ],
          [
            0.9,
            125.0
          ]
        ],
        "min_strength_prev": 0.4,
        "max_start_t_any": 125.0
      },
      "outcome_flat": "pDD***PPPppDD***PPppDDD***PIppDDD*PPIpppDDD**IpppppDD*IpppIIppDIIIIpIIIIIIIIIIIII"
    },
    {
      "config_id": 224,
      "baseline_tip": 265.0,
      "baseline_genuine": 1.0,
      "boundary": {
        "slope": 221.80451127819546,
        "intercept": -37.969924812030015,
        "r2": 0.9460096023190501,
        "n_points": 8,
        "boundary_pts": [
          [
            0.1,
            0.0
          ],
          [
            0.3,
            0.0
          ],
          [
            0.4,
            50.0
          ],
          [
            0.5,
            75.0
          ],
          [
            0.6,
            100.0
          ],
          [
            0.7,
            125.0
          ],
          [
            0.8,
            150.0
          ],
          [
            0.9,
            150.0
          ]
        ],
        "min_strength_prev": 0.1,
        "max_start_t_any": 150.0
      },