{
  "description": "Phase 11 disease subtype identification",
  "n_configs": 20,
  "features": [
    "tipping_step",
    "plateau",
    "boundary_slope",
    "boundary_intercept",
    "aggregationAmplification"
  ],
  "pca": {
    "explained_variance_ratio": [
      0.6485063278595522,
      0.17527118377745546
    ],
    "cumulative_2pc": 0.8237775116370076,
    "loadings_pc1": {
      "tipping_step": -0.40049945940807313,
      "plateau": -0.27123982212134234,
      "boundary_slope": 0.47614741947602035,
      "boundary_intercept": -0.5294932239598081,
      "aggregationAmplification": 0.5088710078363659
    },
    "loadings_pc2": {
      "tipping_step": -0.5119425901881787,
      "plateau": 0.8364982339751806,
      "boundary_slope": -0.12005152209781,
      "boundary_intercept": -0.0010624010341900858,
      "aggregationAmplification": 0.15418168585750802
    },
    "scores": [
      [
        1.677895806143592,
        -2.0741972527082484
      ],
      [
        -2.746768040713897,
        -2.3325391600804872
      ],
      [
        1.018211703659932,
        0.14753557580533236
      ],
      [
        -0.01005988581712723,
        -0.772338471014037
      ],
      [
        -0.44729281201426624,
        0.22750173479873165
      ],
      [
        1.1464927989798743,
        0.7351629090984694
      ],
      [
        1.5643443418577563,
        1.0294382093567507
      ],
      [
        4.068375253422848,
        -1.1857213986433088
      ],
      [
        0.4249370850145317,
        0.37460151209866244
      ],
      [
        -1.1129506079975455,
        -0.3104187292944937
      ],
      [
        -1.9815950602376757,
        0.5238781224582254
      ],
      [
        0.29626150869933987,
        0.5523774587265011
      ],
      [
        -0.8598140400184455,
        -0.13630737995405337
      ],
      [
        -2.986218753829328,
        -0.5939546557155309
      ],
      [
        1.4049024615624308,
        0.7644117369339498
      ],
      [
        0.5327260860040435,
        0.23432127537253455
      ],
      [
        -0.5744725514636544,
        0.6298079948064429
      ],
      [
        2.3136353039581143,
        0.42586683779351325
      ],
      [
        -0.6481445618120267,
        0.6034903457594331
      ],
      [
        -3.0804660353984956,
        1.1570833344016147
      ]
    ]
  },
  "kmeans": {
    "silhouette_scores": {
      "2": 0.3739,
      "3": 0.4271,
      "4": 0.3911
    },
    "best_k": 3,
    "best_silhouette": 0.4271,
    "labels_by_k": {
      "2": [
        1,
        0,
        1,
        1,
        0,
        1,
        1,
        1,
        1,
        0,
        0,
        1,
        0,
        0,
        1,
        1,
        0,
        1,
        0,
        0
      ],
      "3": [
        0,
        2,
        1,
        1,
        1,
        1,
        1,
        0,
        1,
        1,
        2,
        1,
        1,
        2,
        1,
        1,
        1,
        0,
        1,
        2
      ],
      "4": [
        2,
        3,
        0,
        0,
        1,
        0,
        0,
        2,
        0,
        1,
        3,
        0,
        1,
        3,
        0,
        0,
        0,
        2,
        1,
        3
      ]
    }
  },
  "clusters": [
    {
      "cluster": 0,
      "n": 3,
      "config_ids": [
        334,
        178,
        497
      ],
      "mean_features": {
        "tipping_step": 226.0,
        "plateau": 10.666666666666666,
        "boundary_slope": 450.0,
        "boundary_intercept": -295.8333333333333,
        "aggregationAmplification": 1.6363993666666667
      },
      "mean_min_strength_prev": 0.6666666666666666,
      "mean_max_start_t_any": 108.33333333333333,
      "prevention_rate": 1.0
    },
    {
      "cluster": 1,
      "n": 13,
      "config_ids": [
        382,
        391,
        21,
        37,
        118,
        188,
        224,
        263,
        312,
        424,
        493,
        496,
        83
      ],
      "mean_features": {
        "tipping_step": 237.3846153846154,
        "plateau": 11.923076923076923,
        "boundary_slope": 219.16060643411808,
        "boundary_intercept": -82.34729320147781,
        "aggregationAmplification": 1.3903392076923078
      },
      "mean_min_strength_prev": 0.46153846153846156,
      "mean_max_start_t_any": 115.38461538461539,
      "prevention_rate": 1.0
    },
    {
      "cluster": 2,
      "n": 4,
      "config_ids": [
        235,
        241,
        329,
        87
      ],
      "mean_features": {
        "tipping_step": 274.75,
        "plateau": 12.0,
        "boundary_slope": 20.833333333333243,
        "boundary_intercept": 186.11111111111103,
        "aggregationAmplification": 0.86386755
      },
      "mean_min_strength_prev": 0.1,
      "mean_max_start_t_any": 200.0,
      "prevention_rate": 1.0
    }
  ],
  "classifier": {
    "feature": "aggregationAmplification",
    "accuracy": 0.6,
    "pearson_r": -0.7024569240084478,
    "threshold_info": {
      "centroids": [
        1.6363993666666667,
        1.3903392076923078,
        0.86386755
      ],
      "centroid_accuracy": 0.6
    }
  },
  "config_ids": [
    334,
    235,
    382,
    391,
    21,
    37,
    118,
    178,
    188,
    224,
    241,
    263,
    312,
    329,
    424,
    493,
    496,
    497,
    83,
    87
  ]
}